Product_ID,Product_Name,Category
1000,Product_1000,Groceries
1001,Product_1001,Electronics
1002,Product_1002,Groceries
1003,Product_1003,Groceries
1004,Product_1004,Electronics
1005,Product_1005,Groceries
1006,Product_1006,Electronics
1007,Product_1007,Electronics
1008,Product_1008,Clothing
1009,Product_1009,Clothing