Transaction_ID,Transaction_Date,Product_ID,Store_ID,Quantity,Unit_Price,Product_Name,Category,Store_Name,Country,Total Sales
1,2023-11-24,1006,9,1,26.86,Product_1006,Electronics,Store_9,UK,26.86
2,2023-02-27,1003,1,15,17.48,Product_1003,Groceries,Store_1,Canada,262.2
3,2023-01-13,1007,1,8,87.47,Product_1007,Electronics,Store_1,Canada,699.76
4,2023-05-21,1004,4,11,96.51,Product_1004,Electronics,Store_4,Canada,1061.6100000000001
5,2023-05-06,1006,9,12,7.97,Product_1006,Electronics,Store_9,UK,95.64
6,2023-04-25,1009,6,12,74.47,Product_1009,Clothing,Store_6,USA,893.64
7,2023-03-13,1002,3,4,91.4,Product_1002,Groceries,Store_3,USA,365.6
8,2023-02-22,1006,1,16,86.45,Product_1006,Electronics,Store_1,Canada,1383.2
9,2023-12-13,1007,4,4,96.63,Product_1007,Electronics,Store_4,Canada,386.52
10,2023-10-07,1004,9,5,77.21,Product_1004,Electronics,Store_9,UK,386.04999999999995
11,2023-02-14,1003,3,5,47.02,Product_1003,Groceries,Store_3,USA,235.10000000000002
12,2023-10-30,1007,9,8,34.64,Product_1007,Electronics,Store_9,UK,277.12
13,2023-08-05,1007,7,10,35.47,Product_1007,Electronics,Store_7,Canada,354.7
14,2023-01-17,1002,4,17,73.82,Product_1002,Groceries,Store_4,Canada,1254.9399999999998
15,2023-01-16,1005,3,9,75.85,Product_1005,Groceries,Store_3,USA,682.65
16,2023-02-17,1004,10,19,24.03,Product_1004,Electronics,Store_10,Canada,456.57000000000005
17,2023-04-22,1001,5,14,87.47,Product_1001,Electronics,Store_5,USA,1224.58
18,2023-04-30,1007,5,8,72.92,Product_1007,Electronics,Store_5,USA,583.36
19,2023-09-16,1005,3,9,58.46,Product_1005,Groceries,Store_3,USA,526.14
20,2023-11-05,1001,9,11,49.8,Product_1001,Electronics,Store_9,UK,547.8
21,2023-01-14,1004,4,1,56.61,Product_1004,Electronics,Store_4,Canada,56.61
22,2023-10-15,1000,5,14,20.13,Product_1000,Groceries,Store_5,USA,281.82
23,2023-04-12,1009,4,5,24.35,Product_1009,Clothing,Store_4,Canada,121.75
24,2023-11-29,1005,5,14,13.66,Product_1005,Groceries,Store_5,USA,191.24
25,2023-12-26,1008,7,4,19.6,Product_1008,Clothing,Store_7,Canada,78.4
26,2023-10-07,1000,9,1,48.1,Product_1000,Groceries,Store_9,UK,48.1
27,2023-08-03,1009,7,19,55.38,Product_1009,Clothing,Store_7,Canada,1052.22
28,2023-04-23,1002,5,8,6.7,Product_1002,Groceries,Store_5,USA,53.6
29,2023-08-18,1006,10,15,80.7,Product_1006,Electronics,Store_10,Canada,1210.5
30,2023-10-29,1003,10,15,32.95,Product_1003,Groceries,Store_10,Canada,494.25000000000006
31,2023-05-23,1008,7,9,91.62,Product_1008,Clothing,Store_7,Canada,824.58
32,2023-01-04,1002,10,9,96.91,Product_1002,Groceries,Store_10,Canada,872.1899999999999
33,2023-03-23,1004,5,10,22.62,Product_1004,Electronics,Store_5,USA,226.20000000000002
34,2023-12-24,1002,3,9,48.9,Product_1002,Groceries,Store_3,USA,440.09999999999997
35,2023-08-05,1006,7,3,5.12,Product_1006,Electronics,Store_7,Canada,15.36
36,2023-06-24,1004,2,11,61.84,Product_1004,Electronics,Store_2,Canada,680.24
37,2023-05-23,1008,9,6,62.69,Product_1008,Clothing,Store_9,UK,376.14
38,2023-03-21,1006,10,2,28.52,Product_1006,Electronics,Store_10,Canada,57.04
39,2023-04-21,1001,10,7,58.05,Product_1001,Electronics,Store_10,Canada,406.34999999999997
40,2023-06-22,1003,1,18,26.43,Product_1003,Groceries,Store_1,Canada,475.74
41,2023-02-22,1008,6,2,20.28,Product_1008,Clothing,Store_6,USA,40.56
42,2023-02-17,1001,7,17,66.89,Product_1001,Electronics,Store_7,Canada,1137.13
43,2023-07-14,1009,8,11,35.96,Product_1009,Clothing,Store_8,USA,395.56
44,2023-02-19,1008,10,12,61.08,Product_1008,Clothing,Store_10,Canada,732.96
45,2023-07-03,1009,9,19,46.16,Product_1009,Clothing,Store_9,UK,877.04
46,2023-06-26,1004,2,7,98.51,Product_1004,Electronics,Store_2,Canada,689.57
47,2023-11-06,1001,10,6,19.21,Product_1001,Electronics,Store_10,Canada,115.26
48,2023-05-16,1003,2,1,49.14,Product_1003,Groceries,Store_2,Canada,49.14
49,2023-01-23,1006,5,17,69.64,Product_1006,Electronics,Store_5,USA,1183.88
50,2023-08-24,1007,5,11,42.58,Product_1007,Electronics,Store_5,USA,468.38
51,2023-10-02,1002,6,18,97.6,Product_1002,Groceries,Store_6,USA,1756.8
52,2023-03-05,1000,3,17,73.58,Product_1000,Groceries,Store_3,USA,1250.86
53,2023-07-13,1003,8,7,67.41,Product_1003,Groceries,Store_8,USA,471.87
54,2023-02-10,1001,1,17,76.92,Product_1001,Electronics,Store_1,Canada,1307.64
55,2023-10-10,1007,6,9,95.5,Product_1007,Electronics,Store_6,USA,859.5
56,2023-05-31,1003,4,17,91.24,Product_1003,Groceries,Store_4,Canada,1551.08
57,2023-11-18,1001,1,8,73.81,Product_1001,Electronics,Store_1,Canada,590.48
58,2023-11-13,1005,7,17,76.17,Product_1005,Groceries,Store_7,Canada,1294.89
59,2023-07-05,1005,9,7,18.86,Product_1005,Groceries,Store_9,UK,132.01999999999998
60,2023-10-23,1009,4,1,14.77,Product_1009,Clothing,Store_4,Canada,14.77
61,2023-04-09,1003,4,13,59.24,Product_1003,Groceries,Store_4,Canada,770.12
62,2023-12-27,1005,6,19,6.74,Product_1005,Groceries,Store_6,USA,128.06
63,2023-02-05,1001,3,19,50.82,Product_1001,Electronics,Store_3,USA,965.58
64,2023-01-24,1009,6,17,24.98,Product_1009,Clothing,Store_6,USA,424.66
65,2023-12-05,1001,7,13,37.87,Product_1001,Electronics,Store_7,Canada,492.30999999999995
66,2023-04-27,1009,10,16,78.7,Product_1009,Clothing,Store_10,Canada,1259.2
67,2023-05-29,1003,10,8,94.42,Product_1003,Groceries,Store_10,Canada,755.36
68,2023-02-10,1007,3,19,11.88,Product_1007,Electronics,Store_3,USA,225.72000000000003
69,2023-04-30,1006,7,18,55.75,Product_1006,Electronics,Store_7,Canada,1003.5
70,2023-02-21,1008,3,1,88.84,Product_1008,Clothing,Store_3,USA,88.84
71,2023-07-14,1007,2,14,12.84,Product_1007,Electronics,Store_2,Canada,179.76
72,2023-05-23,1004,10,19,83.33,Product_1004,Electronics,Store_10,Canada,1583.27
73,2023-08-21,1001,4,15,38.99,Product_1001,Electronics,Store_4,Canada,584.85
74,2023-11-22,1004,8,18,35.6,Product_1004,Electronics,Store_8,USA,640.8000000000001
75,2023-07-06,1007,9,2,97.86,Product_1007,Electronics,Store_9,UK,195.72
76,2023-03-25,1009,7,17,24.08,Product_1009,Clothing,Store_7,Canada,409.35999999999996
77,2023-07-09,1008,1,18,70.85,Product_1008,Clothing,Store_1,Canada,1275.3
78,2023-07-01,1008,3,6,83.04,Product_1008,Clothing,Store_3,USA,498.24
79,2023-04-18,1000,9,19,8.91,Product_1000,Groceries,Store_9,UK,169.29
80,2023-12-10,1008,1,4,68.69,Product_1008,Clothing,Store_1,Canada,274.76
81,2023-05-17,1006,9,1,95.4,Product_1006,Electronics,Store_9,UK,95.4
82,2023-12-26,1008,8,8,16.8,Product_1008,Clothing,Store_8,USA,134.4
83,2023-12-16,1007,1,7,90.14,Product_1007,Electronics,Store_1,Canada,630.98
84,2023-11-28,1000,6,3,61.5,Product_1000,Groceries,Store_6,USA,184.5
85,2023-02-06,1007,5,10,63.58,Product_1007,Electronics,Store_5,USA,635.8
86,2023-11-08,1007,6,10,63.23,Product_1007,Electronics,Store_6,USA,632.3
87,2023-11-22,1002,10,19,33.39,Product_1002,Groceries,Store_10,Canada,634.41
88,2023-03-29,1000,5,14,93.84,Product_1000,Groceries,Store_5,USA,1313.76
89,2023-10-01,1007,6,2,95.0,Product_1007,Electronics,Store_6,USA,190.0
90,2023-05-06,1002,5,1,64.4,Product_1002,Groceries,Store_5,USA,64.4
91,2023-03-25,1002,5,18,79.43,Product_1002,Groceries,Store_5,USA,1429.7400000000002
92,2023-08-25,1000,4,7,63.16,Product_1000,Groceries,Store_4,Canada,442.12
93,2023-07-14,1004,3,8,51.02,Product_1004,Electronics,Store_3,USA,408.16
94,2023-05-19,1009,3,1,67.78,Product_1009,Clothing,Store_3,USA,67.78
95,2023-11-24,1006,4,3,57.54,Product_1006,Electronics,Store_4,Canada,172.62
96,2023-12-19,1009,9,8,61.76,Product_1009,Clothing,Store_9,UK,494.08
97,2023-10-13,1008,2,15,79.46,Product_1008,Clothing,Store_2,Canada,1191.8999999999999
98,2023-04-23,1006,9,5,50.69,Product_1006,Electronics,Store_9,UK,253.45
99,2023-12-17,1008,1,3,8.87,Product_1008,Clothing,Store_1,Canada,26.61
100,2023-06-16,1007,1,19,20.58,Product_1007,Electronics,Store_1,Canada,391.02
101,2023-01-29,1001,5,1,46.67,Product_1001,Electronics,Store_5,USA,46.67
102,2023-04-28,1000,6,15,73.86,Product_1000,Groceries,Store_6,USA,1107.9
103,2023-01-17,1006,6,8,61.36,Product_1006,Electronics,Store_6,USA,490.88
104,2023-06-11,1006,3,2,66.78,Product_1006,Electronics,Store_3,USA,133.56
105,2023-07-25,1007,7,3,50.53,Product_1007,Electronics,Store_7,Canada,151.59
106,2023-05-18,1004,9,14,63.5,Product_1004,Electronics,Store_9,UK,889.0
107,2023-02-03,1002,10,14,36.26,Product_1002,Groceries,Store_10,Canada,507.64
108,2023-04-19,1007,8,11,49.67,Product_1007,Electronics,Store_8,USA,546.37
109,2023-10-18,1005,6,16,75.71,Product_1005,Groceries,Store_6,USA,1211.36
110,2023-06-11,1002,8,4,87.82,Product_1002,Groceries,Store_8,USA,351.28
111,2023-04-19,1000,5,5,46.2,Product_1000,Groceries,Store_5,USA,231.0
112,2023-12-02,1002,8,14,9.15,Product_1002,Groceries,Store_8,USA,128.1
113,2023-09-13,1004,10,16,20.36,Product_1004,Electronics,Store_10,Canada,325.76
114,2023-07-22,1002,4,18,6.98,Product_1002,Groceries,Store_4,Canada,125.64000000000001
115,2023-11-26,1000,10,7,67.06,Product_1000,Groceries,Store_10,Canada,469.42
116,2023-08-23,1004,8,10,36.57,Product_1004,Electronics,Store_8,USA,365.7
117,2023-03-15,1009,10,7,56.54,Product_1009,Clothing,Store_10,Canada,395.78
118,2023-05-16,1006,2,1,51.86,Product_1006,Electronics,Store_2,Canada,51.86
119,2023-03-13,1006,5,19,12.75,Product_1006,Electronics,Store_5,USA,242.25
120,2023-05-07,1008,9,16,43.31,Product_1008,Clothing,Store_9,UK,692.96
121,2023-10-15,1009,4,19,25.95,Product_1009,Clothing,Store_4,Canada,493.05
122,2023-10-03,1009,6,4,44.75,Product_1009,Clothing,Store_6,USA,179.0
123,2023-05-15,1002,1,18,24.34,Product_1002,Groceries,Store_1,Canada,438.12
124,2023-10-27,1006,9,2,84.84,Product_1006,Electronics,Store_9,UK,169.68
125,2023-08-08,1000,1,1,21.55,Product_1000,Groceries,Store_1,Canada,21.55
126,2023-10-26,1003,5,15,96.27,Product_1003,Groceries,Store_5,USA,1444.05
127,2023-07-24,1003,4,5,44.51,Product_1003,Groceries,Store_4,Canada,222.54999999999998
128,2023-07-05,1004,3,11,85.39,Product_1004,Electronics,Store_3,USA,939.29
129,2023-04-23,1006,6,10,64.73,Product_1006,Electronics,Store_6,USA,647.3000000000001
130,2023-03-12,1006,2,2,74.86,Product_1006,Electronics,Store_2,Canada,149.72
131,2023-09-18,1003,3,3,77.93,Product_1003,Groceries,Store_3,USA,233.79000000000002
132,2023-09-10,1006,5,12,52.96,Product_1006,Electronics,Store_5,USA,635.52
133,2023-02-16,1002,9,5,56.61,Product_1002,Groceries,Store_9,UK,283.05
134,2023-01-25,1005,2,5,53.83,Product_1005,Groceries,Store_2,Canada,269.15
135,2023-02-26,1001,10,6,60.87,Product_1001,Electronics,Store_10,Canada,365.21999999999997
136,2023-03-20,1009,8,9,7.79,Product_1009,Clothing,Store_8,USA,70.11
137,2023-11-18,1008,2,2,42.57,Product_1008,Clothing,Store_2,Canada,85.14
138,2023-03-23,1004,5,12,62.59,Product_1004,Electronics,Store_5,USA,751.08
139,2023-12-15,1005,7,3,61.78,Product_1005,Groceries,Store_7,Canada,185.34
140,2023-08-05,1003,8,12,80.33,Product_1003,Groceries,Store_8,USA,963.96
141,2023-11-02,1009,1,17,67.23,Product_1009,Clothing,Store_1,Canada,1142.91
142,2023-02-02,1006,6,10,99.25,Product_1006,Electronics,Store_6,USA,992.5
143,2023-07-17,1008,1,14,31.97,Product_1008,Clothing,Store_1,Canada,447.58
144,2023-07-15,1006,2,17,39.12,Product_1006,Electronics,Store_2,Canada,665.04
145,2023-11-02,1000,1,18,41.47,Product_1000,Groceries,Store_1,Canada,746.46
146,2023-08-28,1000,5,19,49.25,Product_1000,Groceries,Store_5,USA,935.75
147,2023-09-28,1008,10,17,84.42,Product_1008,Clothing,Store_10,Canada,1435.14
148,2023-05-09,1008,9,14,27.4,Product_1008,Clothing,Store_9,UK,383.59999999999997
149,2023-10-11,1003,6,9,78.72,Product_1003,Groceries,Store_6,USA,708.48
150,2023-01-06,1008,1,8,43.5,Product_1008,Clothing,Store_1,Canada,348.0
151,2023-12-15,1002,1,2,62.18,Product_1002,Groceries,Store_1,Canada,124.36
152,2023-02-28,1006,2,13,65.09,Product_1006,Electronics,Store_2,Canada,846.1700000000001
153,2023-12-16,1005,9,7,40.42,Product_1005,Groceries,Store_9,UK,282.94
154,2023-10-02,1007,3,9,53.7,Product_1007,Electronics,Store_3,USA,483.3
155,2023-05-17,1008,1,11,44.24,Product_1008,Clothing,Store_1,Canada,486.64000000000004
156,2023-11-25,1004,5,14,11.57,Product_1004,Electronics,Store_5,USA,161.98000000000002
157,2023-06-24,1000,7,4,46.53,Product_1000,Groceries,Store_7,Canada,186.12
158,2023-02-27,1002,6,13,14.25,Product_1002,Groceries,Store_6,USA,185.25
159,2023-05-31,1009,1,2,43.48,Product_1009,Clothing,Store_1,Canada,86.96
160,2023-08-11,1007,5,5,61.33,Product_1007,Electronics,Store_5,USA,306.65
161,2023-03-22,1005,5,11,60.04,Product_1005,Groceries,Store_5,USA,660.4399999999999
162,2023-08-21,1007,6,6,67.95,Product_1007,Electronics,Store_6,USA,407.70000000000005
163,2023-01-02,1008,3,18,14.05,Product_1008,Clothing,Store_3,USA,252.9
164,2023-05-15,1003,5,10,66.95,Product_1003,Groceries,Store_5,USA,669.5
165,2023-09-14,1000,7,4,34.65,Product_1000,Groceries,Store_7,Canada,138.6
166,2023-04-02,1000,5,9,42.91,Product_1000,Groceries,Store_5,USA,386.18999999999994
167,2023-09-17,1009,5,6,86.51,Product_1009,Clothing,Store_5,USA,519.0600000000001
168,2023-02-24,1003,5,2,5.86,Product_1003,Groceries,Store_5,USA,11.72
169,2023-11-17,1006,10,17,60.9,Product_1006,Electronics,Store_10,Canada,1035.3
170,2023-06-02,1001,10,5,61.88,Product_1001,Electronics,Store_10,Canada,309.40000000000003
171,2023-11-24,1002,3,6,42.68,Product_1002,Groceries,Store_3,USA,256.08
172,2023-09-17,1000,1,12,27.52,Product_1000,Groceries,Store_1,Canada,330.24
173,2023-11-08,1004,5,10,27.29,Product_1004,Electronics,Store_5,USA,272.9
174,2023-04-12,1000,9,6,88.95,Product_1000,Groceries,Store_9,UK,533.7
175,2023-03-20,1007,1,8,46.99,Product_1007,Electronics,Store_1,Canada,375.92
176,2023-07-11,1000,3,2,36.43,Product_1000,Groceries,Store_3,USA,72.86
177,2023-03-24,1000,4,12,47.63,Product_1000,Groceries,Store_4,Canada,571.5600000000001
178,2023-10-04,1001,1,13,68.59,Product_1001,Electronics,Store_1,Canada,891.6700000000001
179,2023-09-29,1001,1,7,18.85,Product_1001,Electronics,Store_1,Canada,131.95000000000002
180,2023-01-01,1005,8,10,47.7,Product_1005,Groceries,Store_8,USA,477.0
181,2023-11-03,1006,2,13,60.85,Product_1006,Electronics,Store_2,Canada,791.0500000000001
182,2023-06-15,1004,8,17,95.12,Product_1004,Electronics,Store_8,USA,1617.04
183,2023-09-08,1000,7,14,28.99,Product_1000,Groceries,Store_7,Canada,405.85999999999996
184,2023-01-10,1000,10,2,39.13,Product_1000,Groceries,Store_10,Canada,78.26
185,2023-02-27,1002,10,11,41.04,Product_1002,Groceries,Store_10,Canada,451.44
186,2023-07-05,1001,2,1,62.53,Product_1001,Electronics,Store_2,Canada,62.53
187,2023-06-07,1004,6,19,38.89,Product_1004,Electronics,Store_6,USA,738.91
188,2023-05-03,1009,6,4,55.68,Product_1009,Clothing,Store_6,USA,222.72
189,2023-01-30,1005,3,19,79.27,Product_1005,Groceries,Store_3,USA,1506.1299999999999
190,2023-05-04,1006,2,11,72.01,Product_1006,Electronics,Store_2,Canada,792.11
191,2023-10-18,1003,1,8,47.41,Product_1003,Groceries,Store_1,Canada,379.28
192,2023-02-10,1006,6,11,87.1,Product_1006,Electronics,Store_6,USA,958.0999999999999
193,2023-02-13,1007,5,4,58.02,Product_1007,Electronics,Store_5,USA,232.08
194,2023-09-06,1000,9,17,56.29,Product_1000,Groceries,Store_9,UK,956.93
195,2023-02-05,1005,1,7,8.25,Product_1005,Groceries,Store_1,Canada,57.75
196,2023-09-30,1007,7,8,98.74,Product_1007,Electronics,Store_7,Canada,789.92
197,2023-03-06,1004,5,3,16.68,Product_1004,Electronics,Store_5,USA,50.04
198,2023-03-07,1003,5,2,26.96,Product_1003,Groceries,Store_5,USA,53.92
199,2023-12-04,1001,2,15,9.91,Product_1001,Electronics,Store_2,Canada,148.65
200,2023-09-01,1005,3,5,65.8,Product_1005,Groceries,Store_3,USA,329.0
201,2023-10-09,1005,7,1,26.35,Product_1005,Groceries,Store_7,Canada,26.35
202,2023-03-26,1000,6,4,22.1,Product_1000,Groceries,Store_6,USA,88.4
203,2023-05-16,1008,2,15,13.41,Product_1008,Clothing,Store_2,Canada,201.15
204,2023-09-28,1005,6,19,14.81,Product_1005,Groceries,Store_6,USA,281.39
205,2023-11-07,1002,2,3,60.54,Product_1002,Groceries,Store_2,Canada,181.62
206,2023-08-05,1003,2,11,70.38,Product_1003,Groceries,Store_2,Canada,774.18
207,2023-04-19,1003,2,17,42.75,Product_1003,Groceries,Store_2,Canada,726.75
208,2023-10-04,1002,3,13,50.59,Product_1002,Groceries,Store_3,USA,657.6700000000001
209,2023-12-20,1009,2,11,70.17,Product_1009,Clothing,Store_2,Canada,771.87
210,2023-04-13,1002,4,2,6.65,Product_1002,Groceries,Store_4,Canada,13.3
211,2024-01-01,1002,9,9,35.7,Product_1002,Groceries,Store_9,UK,321.3
212,2023-06-09,1003,6,2,97.44,Product_1003,Groceries,Store_6,USA,194.88
213,2023-07-24,1006,1,9,60.11,Product_1006,Electronics,Store_1,Canada,540.99
214,2023-12-10,1003,8,9,29.15,Product_1003,Groceries,Store_8,USA,262.34999999999997
215,2023-11-29,1008,7,8,54.56,Product_1008,Clothing,Store_7,Canada,436.48
216,2023-07-11,1000,10,17,37.55,Product_1000,Groceries,Store_10,Canada,638.3499999999999
217,2023-08-13,1007,3,1,55.56,Product_1007,Electronics,Store_3,USA,55.56
218,2023-09-22,1006,1,11,16.95,Product_1006,Electronics,Store_1,Canada,186.45
219,2023-08-20,1001,5,8,17.61,Product_1001,Electronics,Store_5,USA,140.88
220,2023-03-03,1007,4,10,18.64,Product_1007,Electronics,Store_4,Canada,186.4
221,2023-05-07,1000,10,7,94.28,Product_1000,Groceries,Store_10,Canada,659.96
222,2023-04-26,1008,8,3,74.63,Product_1008,Clothing,Store_8,USA,223.89
223,2023-02-02,1008,1,3,20.43,Product_1008,Clothing,Store_1,Canada,61.29
224,2023-06-23,1001,10,18,22.89,Product_1001,Electronics,Store_10,Canada,412.02
225,2023-01-11,1006,1,5,74.43,Product_1006,Electronics,Store_1,Canada,372.15000000000003
226,2023-10-29,1009,4,12,19.84,Product_1009,Clothing,Store_4,Canada,238.07999999999998
227,2023-10-11,1002,8,12,27.28,Product_1002,Groceries,Store_8,USA,327.36
228,2023-04-28,1006,5,19,96.52,Product_1006,Electronics,Store_5,USA,1833.8799999999999
229,2023-10-29,1009,2,6,29.25,Product_1009,Clothing,Store_2,Canada,175.5
230,2023-04-23,1008,6,2,67.86,Product_1008,Clothing,Store_6,USA,135.72
231,2023-01-04,1003,5,12,97.97,Product_1003,Groceries,Store_5,USA,1175.6399999999999
232,2023-02-06,1000,2,19,40.56,Product_1000,Groceries,Store_2,Canada,770.6400000000001
233,2023-12-29,1001,3,5,6.66,Product_1001,Electronics,Store_3,USA,33.3
234,2023-11-20,1000,9,12,28.19,Product_1000,Groceries,Store_9,UK,338.28000000000003
235,2023-01-31,1004,7,17,83.93,Product_1004,Electronics,Store_7,Canada,1426.8100000000002
236,2023-04-28,1004,7,17,87.14,Product_1004,Electronics,Store_7,Canada,1481.38
237,2023-02-04,1006,6,10,78.01,Product_1006,Electronics,Store_6,USA,780.1
238,2023-01-17,1008,8,17,15.75,Product_1008,Clothing,Store_8,USA,267.75
239,2023-06-19,1008,4,15,80.57,Product_1008,Clothing,Store_4,Canada,1208.55
240,2023-02-06,1002,8,12,92.27,Product_1002,Groceries,Store_8,USA,1107.24
241,2023-09-21,1002,4,16,62.06,Product_1002,Groceries,Store_4,Canada,992.96
242,2023-05-02,1002,8,19,94.38,Product_1002,Groceries,Store_8,USA,1793.2199999999998
243,2023-05-23,1003,9,8,83.55,Product_1003,Groceries,Store_9,UK,668.4
244,2023-12-09,1007,3,17,68.36,Product_1007,Electronics,Store_3,USA,1162.12
245,2023-09-06,1005,3,5,59.83,Product_1005,Groceries,Store_3,USA,299.15
246,2023-04-20,1007,2,16,38.11,Product_1007,Electronics,Store_2,Canada,609.76
247,2023-10-04,1000,10,6,20.13,Product_1000,Groceries,Store_10,Canada,120.78
248,2023-03-09,1007,3,8,62.47,Product_1007,Electronics,Store_3,USA,499.76
249,2023-10-20,1003,3,18,35.22,Product_1003,Groceries,Store_3,USA,633.96
250,2023-10-23,1000,5,12,87.31,Product_1000,Groceries,Store_5,USA,1047.72
251,2023-08-31,1007,5,15,99.37,Product_1007,Electronics,Store_5,USA,1490.5500000000002
252,2023-05-05,1003,2,9,76.48,Product_1003,Groceries,Store_2,Canada,688.32
253,2023-08-31,1005,10,13,13.6,Product_1005,Groceries,Store_10,Canada,176.79999999999998
254,2023-07-28,1007,6,15,32.43,Product_1007,Electronics,Store_6,USA,486.45
255,2023-04-08,1003,5,10,15.37,Product_1003,Groceries,Store_5,USA,153.7
256,2023-02-18,1002,6,16,66.8,Product_1002,Groceries,Store_6,USA,1068.8
257,2023-02-19,1008,1,7,77.69,Product_1008,Clothing,Store_1,Canada,543.8299999999999
258,2023-12-04,1002,5,17,92.94,Product_1002,Groceries,Store_5,USA,1579.98
259,2023-08-09,1008,9,7,46.63,Product_1008,Clothing,Store_9,UK,326.41
260,2023-07-01,1001,10,14,90.63,Product_1001,Electronics,Store_10,Canada,1268.82
261,2023-08-05,1001,2,15,88.4,Product_1001,Electronics,Store_2,Canada,1326.0
262,2023-07-30,1001,1,7,35.13,Product_1001,Electronics,Store_1,Canada,245.91000000000003
263,2023-08-28,1005,10,9,87.55,Product_1005,Groceries,Store_10,Canada,787.9499999999999
264,2023-01-28,1002,9,19,40.69,Product_1002,Groceries,Store_9,UK,773.1099999999999
265,2023-12-11,1008,10,16,33.2,Product_1008,Clothing,Store_10,Canada,531.2
266,2023-12-01,1003,9,8,66.66,Product_1003,Groceries,Store_9,UK,533.28
267,2023-11-27,1000,9,18,36.2,Product_1000,Groceries,Store_9,UK,651.6
268,2023-02-20,1003,6,18,64.87,Product_1003,Groceries,Store_6,USA,1167.66
269,2023-02-01,1000,8,7,62.93,Product_1000,Groceries,Store_8,USA,440.51
270,2023-07-26,1004,1,3,58.53,Product_1004,Electronics,Store_1,Canada,175.59
271,2023-06-23,1003,10,18,41.14,Product_1003,Groceries,Store_10,Canada,740.52
272,2023-02-25,1007,4,10,57.11,Product_1007,Electronics,Store_4,Canada,571.1
273,2023-05-08,1007,1,7,61.67,Product_1007,Electronics,Store_1,Canada,431.69
274,2023-04-09,1006,8,17,56.84,Product_1006,Electronics,Store_8,USA,966.2800000000001
275,2023-04-08,1002,1,14,47.22,Product_1002,Groceries,Store_1,Canada,661.0799999999999
276,2023-10-02,1000,3,3,6.39,Product_1000,Groceries,Store_3,USA,19.169999999999998
277,2023-08-18,1000,4,12,60.77,Product_1000,Groceries,Store_4,Canada,729.24
278,2023-03-13,1002,8,13,21.0,Product_1002,Groceries,Store_8,USA,273.0
279,2023-08-05,1005,6,2,66.04,Product_1005,Groceries,Store_6,USA,132.08
280,2023-04-04,1006,10,3,77.14,Product_1006,Electronics,Store_10,Canada,231.42000000000002
281,2023-05-23,1005,7,5,52.54,Product_1005,Groceries,Store_7,Canada,262.7
282,2023-08-25,1005,8,11,56.52,Product_1005,Groceries,Store_8,USA,621.72
283,2023-05-08,1005,2,8,95.39,Product_1005,Groceries,Store_2,Canada,763.12
284,2023-02-08,1002,10,12,85.48,Product_1002,Groceries,Store_10,Canada,1025.76
285,2023-08-15,1005,8,7,91.85,Product_1005,Groceries,Store_8,USA,642.9499999999999
286,2023-10-09,1007,3,15,82.31,Product_1007,Electronics,Store_3,USA,1234.65
287,2023-02-20,1001,7,17,15.35,Product_1001,Electronics,Store_7,Canada,260.95
288,2023-01-26,1004,3,4,19.15,Product_1004,Electronics,Store_3,USA,76.6
289,2023-11-30,1000,7,13,55.03,Product_1000,Groceries,Store_7,Canada,715.39
290,2023-10-04,1000,2,18,28.38,Product_1000,Groceries,Store_2,Canada,510.84
291,2023-01-08,1004,10,1,50.29,Product_1004,Electronics,Store_10,Canada,50.29
292,2023-02-17,1002,6,16,42.46,Product_1002,Groceries,Store_6,USA,679.36
293,2023-05-02,1003,3,13,57.19,Product_1003,Groceries,Store_3,USA,743.47
294,2023-03-27,1002,3,10,75.95,Product_1002,Groceries,Store_3,USA,759.5
295,2023-07-28,1000,9,12,72.97,Product_1000,Groceries,Store_9,UK,875.64
296,2023-09-06,1000,7,2,54.52,Product_1000,Groceries,Store_7,Canada,109.04
297,2023-09-04,1004,5,3,83.13,Product_1004,Electronics,Store_5,USA,249.39
298,2023-04-20,1005,10,10,45.93,Product_1005,Groceries,Store_10,Canada,459.3
299,2023-07-25,1002,7,2,90.19,Product_1002,Groceries,Store_7,Canada,180.38
300,2023-01-31,1008,9,13,11.77,Product_1008,Clothing,Store_9,UK,153.01
301,2023-03-26,1004,1,13,95.69,Product_1004,Electronics,Store_1,Canada,1243.97
302,2023-07-14,1007,7,18,67.2,Product_1007,Electronics,Store_7,Canada,1209.6000000000001
303,2023-01-02,1000,6,3,41.11,Product_1000,Groceries,Store_6,USA,123.33
304,2023-07-19,1004,10,7,23.73,Product_1004,Electronics,Store_10,Canada,166.11
305,2023-05-16,1002,9,14,50.52,Product_1002,Groceries,Store_9,UK,707.2800000000001
306,2023-08-21,1000,1,17,23.48,Product_1000,Groceries,Store_1,Canada,399.16
307,2023-05-27,1003,4,12,20.8,Product_1003,Groceries,Store_4,Canada,249.60000000000002
308,2023-08-05,1004,9,16,63.65,Product_1004,Electronics,Store_9,UK,1018.4
309,2023-12-23,1006,4,12,54.69,Product_1006,Electronics,Store_4,Canada,656.28
310,2023-10-12,1000,10,15,68.66,Product_1000,Groceries,Store_10,Canada,1029.8999999999999
311,2023-12-05,1002,3,10,93.31,Product_1002,Groceries,Store_3,USA,933.1
312,2023-09-07,1001,9,7,55.56,Product_1001,Electronics,Store_9,UK,388.92
313,2023-03-21,1008,2,5,60.19,Product_1008,Clothing,Store_2,Canada,300.95
314,2023-04-08,1009,4,1,13.51,Product_1009,Clothing,Store_4,Canada,13.51
315,2023-06-01,1005,6,17,73.18,Product_1005,Groceries,Store_6,USA,1244.0600000000002
316,2023-04-22,1009,2,3,42.99,Product_1009,Clothing,Store_2,Canada,128.97
317,2023-01-30,1002,8,13,97.79,Product_1002,Groceries,Store_8,USA,1271.27
318,2023-10-24,1007,8,14,83.2,Product_1007,Electronics,Store_8,USA,1164.8
319,2023-10-05,1007,1,18,54.64,Product_1007,Electronics,Store_1,Canada,983.52
320,2023-02-01,1001,3,4,16.71,Product_1001,Electronics,Store_3,USA,66.84
321,2023-06-10,1005,10,18,86.64,Product_1005,Groceries,Store_10,Canada,1559.52
322,2023-01-30,1006,9,5,80.98,Product_1006,Electronics,Store_9,UK,404.90000000000003
323,2023-01-26,1001,5,16,22.54,Product_1001,Electronics,Store_5,USA,360.64
324,2023-10-27,1009,6,1,33.05,Product_1009,Clothing,Store_6,USA,33.05
325,2023-09-02,1001,4,14,80.37,Product_1001,Electronics,Store_4,Canada,1125.18
326,2023-09-15,1009,10,15,22.6,Product_1009,Clothing,Store_10,Canada,339.0
327,2023-09-29,1000,2,9,92.19,Product_1000,Groceries,Store_2,Canada,829.71
328,2023-03-22,1007,8,15,45.33,Product_1007,Electronics,Store_8,USA,679.9499999999999
329,2023-01-30,1000,6,17,13.27,Product_1000,Groceries,Store_6,USA,225.59
330,2023-09-18,1008,5,4,82.5,Product_1008,Clothing,Store_5,USA,330.0
331,2023-02-11,1005,9,12,40.48,Product_1005,Groceries,Store_9,UK,485.76
332,2023-04-06,1006,1,5,55.02,Product_1006,Electronics,Store_1,Canada,275.1
333,2023-02-05,1009,5,5,15.67,Product_1009,Clothing,Store_5,USA,78.35
334,2023-11-01,1006,6,11,5.25,Product_1006,Electronics,Store_6,USA,57.75
335,2023-02-04,1009,5,6,65.61,Product_1009,Clothing,Store_5,USA,393.65999999999997
336,2023-12-12,1002,6,7,53.94,Product_1002,Groceries,Store_6,USA,377.58
337,2023-05-01,1001,6,14,61.39,Product_1001,Electronics,Store_6,USA,859.46
338,2023-07-26,1008,7,11,80.41,Product_1008,Clothing,Store_7,Canada,884.51
339,2023-03-03,1007,4,13,66.43,Product_1007,Electronics,Store_4,Canada,863.5900000000001
340,2023-10-19,1009,8,2,21.6,Product_1009,Clothing,Store_8,USA,43.2
341,2023-05-07,1006,7,7,39.27,Product_1006,Electronics,Store_7,Canada,274.89000000000004
342,2023-10-24,1008,9,4,91.06,Product_1008,Clothing,Store_9,UK,364.24
343,2023-11-01,1003,7,8,78.14,Product_1003,Groceries,Store_7,Canada,625.12
344,2023-01-21,1003,3,19,57.88,Product_1003,Groceries,Store_3,USA,1099.72
345,2023-11-14,1000,3,13,29.29,Product_1000,Groceries,Store_3,USA,380.77
346,2023-02-11,1007,8,14,33.7,Product_1007,Electronics,Store_8,USA,471.80000000000007
347,2023-08-03,1002,5,10,74.54,Product_1002,Groceries,Store_5,USA,745.4000000000001
348,2023-12-03,1006,4,11,85.86,Product_1006,Electronics,Store_4,Canada,944.46
349,2023-10-26,1001,8,2,68.79,Product_1001,Electronics,Store_8,USA,137.58
350,2023-10-17,1001,6,9,81.91,Product_1001,Electronics,Store_6,USA,737.1899999999999
351,2023-09-25,1006,2,17,77.83,Product_1006,Electronics,Store_2,Canada,1323.11
352,2023-06-11,1005,4,3,19.22,Product_1005,Groceries,Store_4,Canada,57.66
353,2023-05-14,1002,4,6,45.27,Product_1002,Groceries,Store_4,Canada,271.62
354,2023-04-15,1008,6,5,19.53,Product_1008,Clothing,Store_6,USA,97.65
355,2023-12-09,1009,6,5,27.35,Product_1009,Clothing,Store_6,USA,136.75
356,2023-06-10,1005,1,15,87.58,Product_1005,Groceries,Store_1,Canada,1313.7
357,2023-05-03,1009,8,17,49.92,Product_1009,Clothing,Store_8,USA,848.64
358,2023-05-16,1009,6,9,55.86,Product_1009,Clothing,Store_6,USA,502.74
359,2023-07-22,1005,3,3,21.95,Product_1005,Groceries,Store_3,USA,65.85
360,2023-03-09,1000,9,17,34.67,Product_1000,Groceries,Store_9,UK,589.39
361,2023-12-10,1003,2,10,26.87,Product_1003,Groceries,Store_2,Canada,268.7
362,2023-11-27,1009,8,3,24.59,Product_1009,Clothing,Store_8,USA,73.77
363,2023-06-03,1005,10,18,65.61,Product_1005,Groceries,Store_10,Canada,1180.98
364,2023-08-23,1005,3,18,29.4,Product_1005,Groceries,Store_3,USA,529.1999999999999
365,2023-06-11,1004,5,17,65.04,Product_1004,Electronics,Store_5,USA,1105.68
366,2023-02-07,1000,6,3,10.55,Product_1000,Groceries,Store_6,USA,31.650000000000002
367,2023-01-05,1007,10,3,18.47,Product_1007,Electronics,Store_10,Canada,55.41
368,2023-08-23,1004,6,6,31.08,Product_1004,Electronics,Store_6,USA,186.48
369,2023-11-15,1004,4,13,61.72,Product_1004,Electronics,Store_4,Canada,802.36
370,2023-10-16,1006,3,15,69.2,Product_1006,Electronics,Store_3,USA,1038.0
371,2023-02-21,1003,4,9,47.06,Product_1003,Groceries,Store_4,Canada,423.54
372,2023-02-07,1005,1,4,47.35,Product_1005,Groceries,Store_1,Canada,189.4
373,2023-10-03,1003,4,14,73.83,Product_1003,Groceries,Store_4,Canada,1033.62
374,2023-04-20,1002,1,5,6.5,Product_1002,Groceries,Store_1,Canada,32.5
375,2023-09-17,1006,1,2,37.4,Product_1006,Electronics,Store_1,Canada,74.8
376,2023-05-16,1007,10,11,82.78,Product_1007,Electronics,Store_10,Canada,910.58
377,2023-03-09,1003,6,9,62.31,Product_1003,Groceries,Store_6,USA,560.79
378,2023-06-28,1001,5,3,37.04,Product_1001,Electronics,Store_5,USA,111.12
379,2023-02-05,1009,4,9,91.02,Product_1009,Clothing,Store_4,Canada,819.18
380,2023-05-06,1002,3,3,78.4,Product_1002,Groceries,Store_3,USA,235.20000000000002
381,2023-07-09,1000,1,2,30.17,Product_1000,Groceries,Store_1,Canada,60.34
382,2023-05-26,1007,6,12,66.3,Product_1007,Electronics,Store_6,USA,795.5999999999999
383,2023-03-22,1002,2,10,61.6,Product_1002,Groceries,Store_2,Canada,616.0
384,2023-08-13,1009,8,9,43.11,Product_1009,Clothing,Store_8,USA,387.99
385,2023-10-06,1006,10,15,39.86,Product_1006,Electronics,Store_10,Canada,597.9
386,2023-12-27,1009,5,8,37.64,Product_1009,Clothing,Store_5,USA,301.12
387,2023-06-04,1004,7,5,63.63,Product_1004,Electronics,Store_7,Canada,318.15000000000003
388,2023-11-10,1009,10,11,47.03,Product_1009,Clothing,Store_10,Canada,517.33
389,2023-12-01,1004,2,2,84.03,Product_1004,Electronics,Store_2,Canada,168.06
390,2023-09-28,1006,8,15,68.61,Product_1006,Electronics,Store_8,USA,1029.15
391,2023-01-05,1008,2,6,11.64,Product_1008,Clothing,Store_2,Canada,69.84
392,2023-12-08,1004,4,8,65.82,Product_1004,Electronics,Store_4,Canada,526.56
393,2023-10-11,1000,1,5,30.76,Product_1000,Groceries,Store_1,Canada,153.8
394,2023-06-03,1009,5,16,61.32,Product_1009,Clothing,Store_5,USA,981.12
395,2023-12-06,1009,9,18,69.61,Product_1009,Clothing,Store_9,UK,1252.98
396,2023-02-23,1000,1,6,26.93,Product_1000,Groceries,Store_1,Canada,161.57999999999998
397,2023-03-10,1001,9,5,48.4,Product_1001,Electronics,Store_9,UK,242.0
398,2023-05-16,1005,8,16,23.08,Product_1005,Groceries,Store_8,USA,369.28
399,2023-03-01,1008,6,13,9.97,Product_1008,Clothing,Store_6,USA,129.61
400,2023-02-24,1007,7,5,40.96,Product_1007,Electronics,Store_7,Canada,204.8
401,2023-10-11,1004,3,13,39.48,Product_1004,Electronics,Store_3,USA,513.24
402,2023-03-21,1000,1,17,99.57,Product_1000,Groceries,Store_1,Canada,1692.6899999999998
403,2023-05-20,1006,5,18,47.4,Product_1006,Electronics,Store_5,USA,853.1999999999999
404,2023-05-25,1004,2,8,36.69,Product_1004,Electronics,Store_2,Canada,293.52
405,2023-11-06,1005,5,13,60.15,Product_1005,Groceries,Store_5,USA,781.9499999999999
406,2023-04-18,1006,8,19,13.43,Product_1006,Electronics,Store_8,USA,255.17
407,2023-06-25,1002,9,3,96.36,Product_1002,Groceries,Store_9,UK,289.08
408,2023-04-15,1009,2,8,65.32,Product_1009,Clothing,Store_2,Canada,522.56
409,2023-12-18,1002,3,2,76.71,Product_1002,Groceries,Store_3,USA,153.42
410,2023-11-21,1004,3,8,21.2,Product_1004,Electronics,Store_3,USA,169.6
411,2023-05-16,1005,1,13,43.9,Product_1005,Groceries,Store_1,Canada,570.6999999999999
412,2023-09-16,1008,8,13,45.16,Product_1008,Clothing,Store_8,USA,587.0799999999999
413,2023-09-08,1004,6,1,83.07,Product_1004,Electronics,Store_6,USA,83.07
414,2023-05-09,1000,8,6,5.12,Product_1000,Groceries,Store_8,USA,30.72
415,2023-01-27,1003,9,19,33.58,Product_1003,Groceries,Store_9,UK,638.02
416,2023-02-17,1004,5,16,98.22,Product_1004,Electronics,Store_5,USA,1571.52
417,2023-11-21,1009,3,8,50.11,Product_1009,Clothing,Store_3,USA,400.88
418,2023-08-05,1009,5,1,41.34,Product_1009,Clothing,Store_5,USA,41.34
419,2023-05-22,1004,5,16,16.38,Product_1004,Electronics,Store_5,USA,262.08
420,2023-01-23,1006,5,9,97.55,Product_1006,Electronics,Store_5,USA,877.9499999999999
421,2023-01-02,1003,3,13,6.9,Product_1003,Groceries,Store_3,USA,89.7
422,2023-06-20,1000,10,11,75.03,Product_1000,Groceries,Store_10,Canada,825.33
423,2023-03-08,1004,4,13,78.02,Product_1004,Electronics,Store_4,Canada,1014.26
424,2023-11-23,1006,9,10,28.15,Product_1006,Electronics,Store_9,UK,281.5
425,2023-05-15,1009,10,4,68.8,Product_1009,Clothing,Store_10,Canada,275.2
426,2023-03-24,1009,9,6,13.83,Product_1009,Clothing,Store_9,UK,82.98
427,2023-08-15,1005,2,7,29.42,Product_1005,Groceries,Store_2,Canada,205.94
428,2023-10-10,1004,8,5,79.85,Product_1004,Electronics,Store_8,USA,399.25
429,2023-12-28,1003,8,11,87.15,Product_1003,Groceries,Store_8,USA,958.6500000000001
430,2023-08-07,1001,7,13,62.81,Product_1001,Electronics,Store_7,Canada,816.53
431,2023-10-15,1003,8,19,53.15,Product_1003,Groceries,Store_8,USA,1009.85
432,2023-01-05,1009,3,10,20.13,Product_1009,Clothing,Store_3,USA,201.29999999999998
433,2023-02-27,1009,6,10,11.0,Product_1009,Clothing,Store_6,USA,110.0
434,2023-02-08,1002,1,11,16.18,Product_1002,Groceries,Store_1,Canada,177.98
435,2023-12-20,1009,7,7,26.6,Product_1009,Clothing,Store_7,Canada,186.20000000000002
436,2023-03-18,1000,1,18,37.46,Product_1000,Groceries,Store_1,Canada,674.28
437,2023-10-07,1007,9,4,41.19,Product_1007,Electronics,Store_9,UK,164.76
438,2023-01-19,1004,1,2,37.9,Product_1004,Electronics,Store_1,Canada,75.8
439,2023-07-09,1003,1,14,27.71,Product_1003,Groceries,Store_1,Canada,387.94
440,2023-10-26,1007,7,13,53.42,Product_1007,Electronics,Store_7,Canada,694.46
441,2023-10-10,1006,2,12,83.4,Product_1006,Electronics,Store_2,Canada,1000.8000000000001
442,2023-03-17,1001,5,7,31.57,Product_1001,Electronics,Store_5,USA,220.99
443,2023-08-09,1000,8,2,94.53,Product_1000,Groceries,Store_8,USA,189.06
444,2023-03-07,1003,8,13,87.97,Product_1003,Groceries,Store_8,USA,1143.61
445,2023-01-22,1007,3,14,20.37,Product_1007,Electronics,Store_3,USA,285.18
446,2023-06-07,1001,7,17,79.7,Product_1001,Electronics,Store_7,Canada,1354.9
447,2023-07-06,1002,3,9,59.59,Product_1002,Groceries,Store_3,USA,536.3100000000001
448,2023-01-21,1000,6,17,58.82,Product_1000,Groceries,Store_6,USA,999.94
449,2023-07-03,1000,6,8,42.15,Product_1000,Groceries,Store_6,USA,337.2
450,2023-04-18,1002,3,2,52.61,Product_1002,Groceries,Store_3,USA,105.22
451,2023-12-16,1004,7,13,42.73,Product_1004,Electronics,Store_7,Canada,555.49
452,2023-05-08,1002,3,3,56.27,Product_1002,Groceries,Store_3,USA,168.81
453,2023-12-08,1000,8,16,64.66,Product_1000,Groceries,Store_8,USA,1034.56
454,2023-02-22,1000,10,6,69.06,Product_1000,Groceries,Store_10,Canada,414.36
455,2023-07-01,1007,4,19,55.59,Product_1007,Electronics,Store_4,Canada,1056.21
456,2023-10-14,1009,1,7,73.54,Product_1009,Clothing,Store_1,Canada,514.7800000000001
457,2023-07-28,1001,4,10,18.42,Product_1001,Electronics,Store_4,Canada,184.20000000000002
458,2023-11-14,1002,7,9,25.14,Product_1002,Groceries,Store_7,Canada,226.26
459,2023-03-21,1001,4,2,82.78,Product_1001,Electronics,Store_4,Canada,165.56
460,2023-05-02,1002,6,15,35.64,Product_1002,Groceries,Store_6,USA,534.6
461,2023-03-25,1006,9,5,7.17,Product_1006,Electronics,Store_9,UK,35.85
462,2023-04-01,1000,1,4,19.61,Product_1000,Groceries,Store_1,Canada,78.44
463,2023-07-31,1009,5,4,26.24,Product_1009,Clothing,Store_5,USA,104.96
464,2023-01-13,1007,7,18,95.95,Product_1007,Electronics,Store_7,Canada,1727.1000000000001
465,2023-04-02,1009,1,4,59.44,Product_1009,Clothing,Store_1,Canada,237.76
466,2023-06-20,1009,4,17,93.61,Product_1009,Clothing,Store_4,Canada,1591.37
467,2023-07-30,1009,6,12,59.64,Product_1009,Clothing,Store_6,USA,715.6800000000001
468,2023-12-09,1001,2,17,50.54,Product_1001,Electronics,Store_2,Canada,859.18
469,2023-05-08,1002,10,10,34.8,Product_1002,Groceries,Store_10,Canada,348.0
470,2023-05-17,1008,5,1,62.61,Product_1008,Clothing,Store_5,USA,62.61
471,2023-03-23,1006,10,18,18.22,Product_1006,Electronics,Store_10,Canada,327.96
472,2023-12-26,1003,1,18,90.33,Product_1003,Groceries,Store_1,Canada,1625.94
473,2023-02-25,1009,6,14,83.79,Product_1009,Clothing,Store_6,USA,1173.0600000000002
474,2023-07-15,1004,6,15,35.17,Product_1004,Electronics,Store_6,USA,527.5500000000001
475,2023-01-20,1001,4,12,95.52,Product_1001,Electronics,Store_4,Canada,1146.24
476,2023-08-29,1007,8,4,83.39,Product_1007,Electronics,Store_8,USA,333.56
477,2023-04-24,1003,4,3,68.3,Product_1003,Groceries,Store_4,Canada,204.89999999999998
478,2023-04-13,1008,8,12,16.57,Product_1008,Clothing,Store_8,USA,198.84
479,2023-08-24,1004,8,7,50.43,Product_1004,Electronics,Store_8,USA,353.01
480,2023-06-29,1008,5,11,53.08,Product_1008,Clothing,Store_5,USA,583.88
481,2023-06-06,1003,4,1,27.09,Product_1003,Groceries,Store_4,Canada,27.09
482,2023-04-27,1009,2,6,12.6,Product_1009,Clothing,Store_2,Canada,75.6
483,2023-04-25,1004,3,15,78.79,Product_1004,Electronics,Store_3,USA,1181.8500000000001
484,2023-01-13,1008,3,15,16.59,Product_1008,Clothing,Store_3,USA,248.85
485,2023-12-04,1007,4,19,61.46,Product_1007,Electronics,Store_4,Canada,1167.74
486,2023-04-09,1002,4,11,93.96,Product_1002,Groceries,Store_4,Canada,1033.56
487,2023-07-24,1000,10,2,88.23,Product_1000,Groceries,Store_10,Canada,176.46
488,2023-06-18,1002,5,14,31.39,Product_1002,Groceries,Store_5,USA,439.46000000000004
489,2023-05-23,1003,4,2,85.89,Product_1003,Groceries,Store_4,Canada,171.78
490,2023-02-05,1001,10,4,5.03,Product_1001,Electronics,Store_10,Canada,20.12
491,2023-05-23,1000,8,17,6.68,Product_1000,Groceries,Store_8,USA,113.56
492,2023-06-29,1006,6,3,62.24,Product_1006,Electronics,Store_6,USA,186.72
493,2023-11-25,1007,6,13,39.66,Product_1007,Electronics,Store_6,USA,515.5799999999999
494,2023-09-18,1006,8,9,41.71,Product_1006,Electronics,Store_8,USA,375.39
495,2023-07-24,1004,7,7,58.62,Product_1004,Electronics,Store_7,Canada,410.34
496,2023-12-14,1000,10,15,23.22,Product_1000,Groceries,Store_10,Canada,348.29999999999995
497,2023-10-02,1006,10,11,25.12,Product_1006,Electronics,Store_10,Canada,276.32
498,2023-06-19,1006,8,2,51.04,Product_1006,Electronics,Store_8,USA,102.08
499,2023-01-15,1008,2,15,76.65,Product_1008,Clothing,Store_2,Canada,1149.75
500,2023-03-01,1002,9,14,63.85,Product_1002,Groceries,Store_9,UK,893.9
